timestamp,open,high,low,close,volume,vwap
2021-06-29 16:00:00-04:00,3.97,3.975,3.95,3.95,197957.0,3.916
2021-06-30 09:31:00-04:00,3.82,3.87,3.82,3.83,588208.0,3.832
2021-06-30 09:32:00-04:00,3.837,3.84,3.78,3.79,318662.0,3.823
2021-06-30 09:33:00-04:00,3.79,3.79,3.76,3.77,195172.0,3.806
2021-06-30 09:34:00-04:00,3.76,3.79,3.75,3.77,205836.0,3.795
2021-06-30 09:35:00-04:00,3.779,3.779,3.72,3.741,260694.0,3.786
2021-06-30 09:36:00-04:00,3.741,3.778,3.741,3.76,256001.0,3.781
2021-06-30 09:37:00-04:00,3.755,3.76,3.74,3.75,125995.0,3.778
2021-06-30 09:38:00-04:00,3.76,3.77,3.755,3.761,61732.0,3.777
2021-06-30 09:39:00-04:00,3.762,3.766,3.73,3.75,147633.0,3.775
2021-06-30 09:40:00-04:00,3.75,3.805,3.75,3.8,101133.0,3.775
2021-06-30 09:41:00-04:00,3.805,3.82,3.785,3.785,93335.0,3.777
2021-06-30 09:42:00-04:00,3.78,3.79,3.76,3.789,107117.0,3.777
2021-06-30 09:43:00-04:00,3.785,3.785,3.765,3.776,40933.0,3.777
2021-06-30 09:44:00-04:00,3.775,3.78,3.76,3.78,44543.0,3.777
2021-06-30 09:45:00-04:00,3.785,3.8,3.77,3.775,50305.0,3.777
2021-06-30 09:46:00-04:00,3.775,3.8,3.76,3.8,207790.0,3.779
2021-06-30 09:47:00-04:00,3.791,3.8,3.77,3.78,74860.0,3.779
2021-06-30 09:48:00-04:00,3.775,3.79,3.77,3.77,55775.0,3.779
2021-06-30 09:49:00-04:00,3.775,3.777,3.75,3.75,151369.0,3.778
2021-06-30 09:50:00-04:00,3.75,3.759,3.73,3.742,208091.0,3.776
2021-06-30 09:51:00-04:00,3.74,3.75,3.73,3.735,82732.0,3.775
2021-06-30 09:52:00-04:00,3.735,3.74,3.73,3.735,68441.0,3.774
2021-06-30 09:53:00-04:00,3.738,3.77,3.731,3.766,128075.0,3.773
2021-06-30 09:54:00-04:00,3.77,3.78,3.765,3.77,71297.0,3.773
2021-06-30 09:55:00-04:00,3.773,3.778,3.77,3.775,24481.0,3.773
2021-06-30 09:56:00-04:00,3.778,3.81,3.774,3.794,235195.0,3.774
2021-06-30 09:57:00-04:00,3.797,3.8,3.79,3.795,43954.0,3.775
2021-06-30 09:58:00-04:00,3.791,3.81,3.79,3.809,44498.0,3.775
2021-06-30 09:59:00-04:00,3.803,3.805,3.78,3.78,48442.0,3.775
2021-06-30 10:00:00-04:00,3.776,3.789,3.77,3.789,27143.0,3.775
2021-06-30 10:01:00-04:00,3.789,3.79,3.78,3.78,9013.0,3.775
2021-06-30 10:02:00-04:00,3.785,3.8,3.785,3.8,14282.0,3.775
2021-06-30 10:03:00-04:00,3.795,3.798,3.79,3.792,11213.0,3.775
2021-06-30 10:04:00-04:00,3.8,3.8,3.79,3.795,40604.0,3.776
2021-06-30 10:05:00-04:00,3.8,3.85,3.79,3.826,161289.0,3.778
2021-06-30 10:06:00-04:00,3.83,3.83,3.82,3.825,41112.0,3.778
2021-06-30 10:07:00-04:00,3.83,3.83,3.82,3.824,22645.0,3.779
2021-06-30 10:08:00-04:00,3.82,3.83,3.81,3.81,28132.0,3.779
2021-06-30 10:09:00-04:00,3.805,3.83,3.805,3.825,55520.0,3.78
2021-06-30 10:10:00-04:00,3.825,3.83,3.82,3.825,84676.0,3.781
2021-06-30 10:11:00-04:00,3.825,3.84,3.82,3.83,72804.0,3.783
2021-06-30 10:12:00-04:00,3.84,3.84,3.795,3.796,76170.0,3.783
2021-06-30 10:13:00-04:00,3.797,3.83,3.797,3.829,31621.0,3.783
2021-06-30 10:14:00-04:00,3.83,3.839,3.83,3.83,18483.0,3.784
2021-06-30 10:15:00-04:00,3.83,3.83,3.82,3.82,33856.0,3.784
2021-06-30 10:16:00-04:00,3.81,3.82,3.8,3.8,14953.0,3.784
2021-06-30 10:17:00-04:00,3.81,3.815,3.8,3.815,13516.0,3.784
2021-06-30 10:18:00-04:00,3.815,3.83,3.815,3.82,20277.0,3.784
2021-06-30 10:19:00-04:00,3.81,3.821,3.81,3.82,27195.0,3.785
2021-06-30 10:20:00-04:00,3.81,3.82,3.81,3.819,10586.0,3.785
2021-06-30 10:21:00-04:00,3.818,3.818,3.791,3.795,75068.0,3.785
2021-06-30 10:22:00-04:00,3.795,3.805,3.795,3.8,26290.0,3.785
2021-06-30 10:23:00-04:00,3.805,3.81,3.8,3.803,8781.0,3.785
2021-06-30 10:24:00-04:00,3.81,3.81,3.79,3.79,38049.0,3.785
2021-06-30 10:25:00-04:00,3.79,3.808,3.79,3.805,15689.0,3.785
2021-06-30 10:26:00-04:00,3.808,3.81,3.8,3.8,20256.0,3.786
2021-06-30 10:27:00-04:00,3.8,3.8,3.79,3.799,22735.0,3.786
2021-06-30 10:28:00-04:00,3.798,3.81,3.798,3.8,58010.0,3.786
2021-06-30 10:29:00-04:00,3.805,3.81,3.8,3.804,6631.0,3.786
2021-06-30 10:30:00-04:00,3.808,3.815,3.8,3.81,33407.0,3.786
2021-06-30 10:31:00-04:00,3.82,3.837,3.81,3.837,67365.0,3.786
2021-06-30 10:32:00-04:00,3.835,3.84,3.835,3.84,29593.0,3.787
2021-06-30 10:33:00-04:00,3.835,3.84,3.81,3.814,95494.0,3.787
2021-06-30 10:34:00-04:00,3.82,3.82,3.81,3.815,7526.0,3.788
2021-06-30 10:35:00-04:00,3.81,3.82,3.8,3.818,79409.0,3.788
2021-06-30 10:36:00-04:00,3.81,3.81,3.8,3.8,59731.0,3.788
2021-06-30 10:37:00-04:00,3.805,3.81,3.8,3.81,16961.0,3.788
2021-06-30 10:38:00-04:00,3.802,3.809,3.79,3.795,75458.0,3.789
2021-06-30 10:39:00-04:00,3.79,3.8,3.79,3.8,91503.0,3.789
2021-06-30 10:40:00-04:00,3.79,3.802,3.79,3.802,39446.0,3.789
2021-06-30 10:41:00-04:00,3.804,3.81,3.8,3.8,39194.0,3.789
2021-06-30 10:42:00-04:00,3.791,3.8,3.781,3.781,19514.0,3.789
2021-06-30 10:43:00-04:00,3.781,3.79,3.78,3.785,18550.0,3.789
2021-06-30 10:44:00-04:00,3.786,3.788,3.78,3.785,17954.0,3.789
2021-06-30 10:45:00-04:00,3.785,3.797,3.78,3.792,12503.0,3.789
2021-06-30 10:46:00-04:00,3.792,3.805,3.792,3.801,38963.0,3.789
2021-06-30 10:47:00-04:00,3.81,3.81,3.8,3.8,17960.0,3.789
2021-06-30 10:48:00-04:00,3.801,3.803,3.792,3.795,29499.0,3.789
2021-06-30 10:49:00-04:00,3.795,3.8,3.792,3.798,11214.0,3.789
2021-06-30 10:50:00-04:00,3.795,3.8,3.78,3.79,51739.0,3.789
2021-06-30 10:51:00-04:00,3.79,3.79,3.782,3.789,23444.0,3.789
2021-06-30 10:52:00-04:00,3.78,3.787,3.78,3.782,6431.0,3.789
2021-06-30 10:53:00-04:00,3.789,3.789,3.78,3.78,25054.0,3.789
2021-06-30 10:54:00-04:00,3.78,3.79,3.78,3.785,38447.0,3.789
2021-06-30 10:55:00-04:00,3.788,3.789,3.78,3.789,26298.0,3.789
2021-06-30 10:56:00-04:00,3.78,3.785,3.78,3.783,33706.0,3.789
2021-06-30 10:57:00-04:00,3.79,3.825,3.79,3.81,98879.0,3.789
2021-06-30 10:58:00-04:00,3.818,3.818,3.8,3.8,9159.0,3.789
2021-06-30 10:59:00-04:00,3.805,3.818,3.802,3.818,30399.0,3.789
2021-06-30 11:00:00-04:00,3.818,3.82,3.81,3.815,19356.0,3.789
2021-06-30 11:01:00-04:00,3.82,3.82,3.81,3.81,14408.0,3.789
2021-06-30 11:02:00-04:00,3.815,3.815,3.8,3.8,15935.0,3.789
2021-06-30 11:03:00-04:00,3.805,3.81,3.792,3.798,19339.0,3.789
2021-06-30 11:04:00-04:00,3.79,3.8,3.79,3.797,10721.0,3.789
2021-06-30 11:05:00-04:00,3.8,3.81,3.798,3.805,17956.0,3.789
2021-06-30 11:06:00-04:00,3.81,3.81,3.801,3.801,5794.0,3.789
2021-06-30 11:07:00-04:00,3.807,3.81,3.8,3.805,8312.0,3.79
2021-06-30 11:08:00-04:00,3.8,3.8,3.792,3.799,14289.0,3.79
2021-06-30 11:09:00-04:00,3.795,3.8,3.79,3.79,39109.0,3.79
2021-06-30 11:10:00-04:00,3.79,3.796,3.79,3.792,18515.0,3.79
2021-06-30 11:11:00-04:00,3.797,3.8,3.79,3.79,10392.0,3.79
2021-06-30 11:12:00-04:00,3.798,3.798,3.79,3.79,5223.0,3.79
2021-06-30 11:13:00-04:00,3.795,3.8,3.79,3.795,16076.0,3.79
2021-06-30 11:14:00-04:00,3.795,3.797,3.79,3.795,11093.0,3.79
2021-06-30 11:15:00-04:00,3.795,3.81,3.795,3.805,24356.0,3.79
2021-06-30 11:16:00-04:00,3.8,3.83,3.8,3.828,158831.0,3.79
2021-06-30 11:17:00-04:00,3.82,3.821,3.81,3.81,15133.0,3.79
2021-06-30 11:18:00-04:00,3.815,3.815,3.81,3.81,17072.0,3.79
2021-06-30 11:19:00-04:00,3.815,3.825,3.81,3.82,61568.0,3.791
2021-06-30 11:20:00-04:00,3.824,3.83,3.82,3.83,17337.0,3.791
2021-06-30 11:21:00-04:00,3.83,3.84,3.827,3.837,27998.0,3.791
2021-06-30 11:22:00-04:00,3.835,3.84,3.83,3.835,23859.0,3.791
2021-06-30 11:23:00-04:00,3.838,3.85,3.833,3.849,98744.0,3.792
2021-06-30 11:24:00-04:00,3.848,3.85,3.843,3.848,18844.0,3.792
2021-06-30 11:25:00-04:00,3.845,3.85,3.83,3.837,84311.0,3.793
2021-06-30 11:26:00-04:00,3.835,3.84,3.83,3.835,29778.0,3.793
2021-06-30 11:27:00-04:00,3.835,3.84,3.83,3.835,17693.0,3.793
2021-06-30 11:28:00-04:00,3.835,3.848,3.83,3.845,35955.0,3.794
2021-06-30 11:29:00-04:00,3.845,3.85,3.842,3.848,12859.0,3.794
2021-06-30 11:30:00-04:00,3.85,3.85,3.843,3.85,6852.0,3.794
2021-06-30 11:31:00-04:00,3.847,3.85,3.845,3.845,7087.0,3.794
2021-06-30 11:32:00-04:00,3.849,3.88,3.842,3.87,120381.0,3.795
2021-06-30 11:33:00-04:00,3.875,3.878,3.862,3.863,56586.0,3.796
2021-06-30 11:34:00-04:00,3.87,3.88,3.87,3.875,46469.0,3.797
2021-06-30 11:35:00-04:00,3.88,3.88,3.86,3.86,33933.0,3.797
2021-06-30 11:36:00-04:00,3.87,3.87,3.86,3.865,53424.0,3.798
2021-06-30 11:37:00-04:00,3.865,3.875,3.865,3.875,23875.0,3.798
2021-06-30 11:38:00-04:00,3.877,3.89,3.87,3.89,75652.0,3.798
2021-06-30 11:39:00-04:00,3.895,3.895,3.88,3.889,70375.0,3.799
2021-06-30 11:40:00-04:00,3.89,3.89,3.88,3.89,14586.0,3.799
2021-06-30 11:41:00-04:00,3.89,3.9,3.882,3.89,21657.0,3.799
2021-06-30 11:42:00-04:00,3.895,3.897,3.89,3.897,34620.0,3.8
2021-06-30 11:43:00-04:00,3.9,3.916,3.9,3.902,116206.0,3.801
2021-06-30 11:44:00-04:00,3.91,3.91,3.9,3.91,42925.0,3.802
2021-06-30 11:45:00-04:00,3.904,3.91,3.9,3.905,15398.0,3.802
2021-06-30 11:46:00-04:00,3.91,3.91,3.87,3.87,75459.0,3.803
2021-06-30 11:47:00-04:00,3.875,3.884,3.875,3.88,12999.0,3.803
2021-06-30 11:48:00-04:00,3.88,3.89,3.87,3.87,31407.0,3.804
2021-06-30 11:49:00-04:00,3.872,3.875,3.87,3.87,10495.0,3.804
2021-06-30 11:50:00-04:00,3.87,3.88,3.87,3.876,14063.0,3.804
2021-06-30 11:51:00-04:00,3.879,3.899,3.879,3.89,59341.0,3.805
2021-06-30 11:52:00-04:00,3.895,3.9,3.89,3.894,7323.0,3.805
2021-06-30 11:53:00-04:00,3.89,3.896,3.89,3.896,7084.0,3.805
2021-06-30 11:54:00-04:00,3.9,3.9,3.893,3.893,3083.0,3.805
2021-06-30 11:55:00-04:00,3.89,3.895,3.89,3.89,14736.0,3.805
2021-06-30 11:56:00-04:00,3.895,3.895,3.89,3.89,15849.0,3.805
2021-06-30 11:57:00-04:00,3.88,3.89,3.88,3.89,7949.0,3.805
2021-06-30 11:58:00-04:00,3.885,3.89,3.88,3.885,5338.0,3.805
2021-06-30 11:59:00-04:00,3.884,3.884,3.872,3.872,20237.0,3.805
2021-06-30 12:00:00-04:00,3.872,3.89,3.87,3.88,14070.0,3.805
2021-06-30 12:01:00-04:00,3.881,3.89,3.88,3.88,9990.0,3.806
2021-06-30 12:02:00-04:00,3.89,3.89,3.885,3.885,9810.0,3.806
2021-06-30 12:03:00-04:00,3.889,3.889,3.88,3.88,6188.0,3.806
2021-06-30 12:04:00-04:00,3.885,3.885,3.88,3.88,30186.0,3.806
2021-06-30 12:05:00-04:00,3.88,3.884,3.88,3.88,23140.0,3.806
2021-06-30 12:06:00-04:00,3.879,3.88,3.872,3.88,16027.0,3.806
2021-06-30 12:07:00-04:00,3.883,3.885,3.88,3.885,15430.0,3.806
2021-06-30 12:08:00-04:00,3.88,3.89,3.88,3.89,7982.0,3.806
2021-06-30 12:09:00-04:00,3.895,3.895,3.89,3.895,5372.0,3.806
2021-06-30 12:10:00-04:00,3.891,3.895,3.89,3.89,27279.0,3.807
2021-06-30 12:11:00-04:00,3.891,3.895,3.89,3.891,18397.0,3.807
2021-06-30 12:12:00-04:00,3.898,3.905,3.892,3.905,50443.0,3.807
2021-06-30 12:13:00-04:00,3.901,3.905,3.899,3.9,32326.0,3.807
2021-06-30 12:14:00-04:00,3.905,3.91,3.905,3.91,11086.0,3.808
2021-06-30 12:15:00-04:00,3.908,3.908,3.9,3.905,12262.0,3.808
2021-06-30 12:16:00-04:00,3.905,3.91,3.9,3.902,14334.0,3.808
2021-06-30 12:17:00-04:00,3.91,3.91,3.905,3.905,3227.0,3.808
2021-06-30 12:18:00-04:00,3.9,3.91,3.89,3.898,106252.0,3.808
2021-06-30 12:19:00-04:00,3.899,3.9,3.89,3.89,11494.0,3.808
2021-06-30 12:20:00-04:00,3.89,3.892,3.88,3.884,41144.0,3.809
2021-06-30 12:21:00-04:00,3.885,3.885,3.88,3.88,1688.0,3.809
2021-06-30 12:22:00-04:00,3.88,3.889,3.88,3.886,17692.0,3.809
2021-06-30 12:23:00-04:00,3.88,3.885,3.88,3.88,3091.0,3.809
2021-06-30 12:24:00-04:00,3.88,3.885,3.88,3.88,2881.0,3.809
2021-06-30 12:25:00-04:00,3.89,3.89,3.88,3.881,10424.0,3.809
2021-06-30 12:26:00-04:00,3.88,3.885,3.875,3.88,65299.0,3.81
2021-06-30 12:27:00-04:00,3.88,3.88,3.86,3.864,58878.0,3.81
2021-06-30 12:28:00-04:00,3.861,3.866,3.86,3.866,17830.0,3.81
2021-06-30 12:29:00-04:00,3.862,3.87,3.862,3.87,14616.0,3.81
2021-06-30 12:30:00-04:00,3.875,3.875,3.87,3.874,7896.0,3.81
2021-06-30 12:31:00-04:00,3.875,3.875,3.87,3.872,8410.0,3.81
2021-06-30 12:32:00-04:00,3.875,3.88,3.87,3.875,9009.0,3.81
2021-06-30 12:33:00-04:00,3.875,3.88,3.87,3.875,4354.0,3.811
2021-06-30 12:34:00-04:00,3.878,3.878,3.875,3.875,1331.0,3.811
2021-06-30 12:35:00-04:00,3.88,3.9,3.88,3.9,49965.0,3.811
2021-06-30 12:36:00-04:00,3.897,3.899,3.89,3.895,8701.0,3.811
2021-06-30 12:37:00-04:00,3.898,3.9,3.89,3.895,15219.0,3.811
2021-06-30 12:38:00-04:00,3.895,3.896,3.89,3.89,6823.0,3.811
2021-06-30 12:39:00-04:00,3.891,3.891,3.88,3.885,32272.0,3.811
2021-06-30 12:40:00-04:00,3.88,3.885,3.88,3.884,8403.0,3.812
2021-06-30 12:41:00-04:00,3.88,3.89,3.88,3.884,2156.0,3.812
2021-06-30 12:42:00-04:00,3.88,3.89,3.88,3.88,10811.0,3.812
2021-06-30 12:43:00-04:00,3.881,3.89,3.875,3.89,37268.0,3.812
2021-06-30 12:44:00-04:00,3.89,3.89,3.88,3.885,5439.0,3.812
2021-06-30 12:45:00-04:00,3.89,3.89,3.89,3.89,10854.0,3.812
2021-06-30 12:46:00-04:00,3.894,3.898,3.89,3.89,8770.0,3.812
2021-06-30 12:47:00-04:00,3.89,3.894,3.88,3.885,27640.0,3.812
2021-06-30 12:48:00-04:00,3.88,3.89,3.88,3.88,16103.0,3.812
2021-06-30 12:49:00-04:00,3.88,3.885,3.872,3.88,39743.0,3.813
2021-06-30 12:50:00-04:00,3.881,3.89,3.88,3.88,4714.0,3.813
2021-06-30 12:51:00-04:00,3.882,3.89,3.88,3.89,22228.0,3.813
2021-06-30 12:52:00-04:00,3.887,3.892,3.883,3.883,17667.0,3.813
2021-06-30 12:53:00-04:00,3.88,3.895,3.88,3.894,22998.0,3.813
2021-06-30 12:54:00-04:00,3.894,3.898,3.89,3.898,4783.0,3.813
2021-06-30 12:55:00-04:00,3.895,3.895,3.89,3.895,3430.0,3.813
2021-06-30 12:56:00-04:00,3.89,3.895,3.89,3.89,7316.0,3.813
2021-06-30 12:57:00-04:00,3.891,3.895,3.891,3.895,3505.0,3.813
2021-06-30 12:58:00-04:00,3.895,3.895,3.89,3.893,5081.0,3.813
2021-06-30 12:59:00-04:00,3.895,3.895,3.89,3.895,4902.0,3.813
2021-06-30 13:00:00-04:00,3.89,3.9,3.885,3.9,59883.0,3.813
2021-06-30 13:01:00-04:00,3.89,3.898,3.89,3.895,5690.0,3.813
2021-06-30 13:02:00-04:00,3.9,3.9,3.89,3.9,9348.0,3.814
2021-06-30 13:03:00-04:00,3.897,3.9,3.89,3.9,5498.0,3.814
2021-06-30 13:04:00-04:00,3.9,3.9,3.89,3.892,9403.0,3.814
2021-06-30 13:05:00-04:00,3.89,3.9,3.89,3.9,36829.0,3.814
2021-06-30 13:06:00-04:00,3.895,3.9,3.892,3.9,5714.0,3.814
2021-06-30 13:07:00-04:00,3.895,3.91,3.895,3.905,38338.0,3.814
2021-06-30 13:08:00-04:00,3.91,3.91,3.9,3.908,18571.0,3.815
2021-06-30 13:09:00-04:00,3.91,3.91,3.9,3.904,6995.0,3.815
2021-06-30 13:10:00-04:00,3.9,3.908,3.9,3.907,45776.0,3.815
2021-06-30 13:11:00-04:00,3.905,3.907,3.9,3.906,39052.0,3.815
2021-06-30 13:12:00-04:00,3.9,3.91,3.9,3.905,45053.0,3.816
2021-06-30 13:13:00-04:00,3.91,3.93,3.91,3.925,129081.0,3.817
2021-06-30 13:14:00-04:00,3.92,3.94,3.92,3.93,97374.0,3.818
2021-06-30 13:15:00-04:00,3.94,3.94,3.93,3.94,105858.0,3.82
2021-06-30 13:16:00-04:00,3.935,3.94,3.93,3.94,17857.0,3.82
2021-06-30 13:17:00-04:00,3.935,3.935,3.931,3.934,8613.0,3.82
2021-06-30 13:18:00-04:00,3.93,3.934,3.91,3.915,114708.0,3.822
2021-06-30 13:19:00-04:00,3.911,3.93,3.91,3.93,30211.0,3.822
2021-06-30 13:20:00-04:00,3.93,3.935,3.92,3.93,20773.0,3.822
2021-06-30 13:21:00-04:00,3.927,3.93,3.923,3.93,5508.0,3.823
2021-06-30 13:22:00-04:00,3.92,3.93,3.92,3.925,5632.0,3.823
2021-06-30 13:23:00-04:00,3.925,3.925,3.922,3.922,5093.0,3.823
2021-06-30 13:24:00-04:00,3.925,3.93,3.92,3.92,21576.0,3.823
2021-06-30 13:25:00-04:00,3.925,3.928,3.91,3.91,63029.0,3.823
2021-06-30 13:26:00-04:00,3.91,3.92,3.91,3.92,7411.0,3.823
2021-06-30 13:27:00-04:00,3.913,3.919,3.912,3.915,7226.0,3.823
2021-06-30 13:28:00-04:00,3.92,3.92,3.912,3.915,3363.0,3.824
2021-06-30 13:29:00-04:00,3.915,3.92,3.91,3.92,3131.0,3.824
2021-06-30 13:30:00-04:00,3.914,3.915,3.91,3.912,43590.0,3.824
2021-06-30 13:31:00-04:00,3.91,3.912,3.905,3.905,27632.0,3.824
2021-06-30 13:32:00-04:00,3.905,3.91,3.89,3.895,69383.0,3.825
2021-06-30 13:33:00-04:00,3.89,3.896,3.885,3.892,26026.0,3.825
2021-06-30 13:34:00-04:00,3.895,3.896,3.89,3.89,4431.0,3.825
2021-06-30 13:35:00-04:00,3.89,3.891,3.89,3.891,4009.0,3.825
2021-06-30 13:36:00-04:00,3.89,3.89,3.89,3.89,35287.0,3.825
2021-06-30 13:37:00-04:00,3.893,3.9,3.893,3.895,5853.0,3.825
2021-06-30 13:38:00-04:00,3.894,3.895,3.89,3.895,5880.0,3.825
2021-06-30 13:39:00-04:00,3.89,3.9,3.89,3.895,5708.0,3.825
2021-06-30 13:40:00-04:00,3.895,3.91,3.895,3.91,18140.0,3.825
2021-06-30 13:41:00-04:00,3.9,3.91,3.9,3.9,8023.0,3.825
2021-06-30 13:42:00-04:00,3.905,3.91,3.9,3.9,22299.0,3.826
2021-06-30 13:43:00-04:00,3.91,3.91,3.9,3.905,7358.0,3.826
2021-06-30 13:44:00-04:00,3.9,3.91,3.9,3.908,7135.0,3.826
2021-06-30 13:45:00-04:00,3.905,3.905,3.9,3.903,3937.0,3.826
2021-06-30 13:46:00-04:00,3.904,3.91,3.9,3.905,7407.0,3.826
2021-06-30 13:47:00-04:00,3.905,3.905,3.9,3.902,10525.0,3.826
2021-06-30 13:48:00-04:00,3.9,3.91,3.9,3.903,7662.0,3.826
2021-06-30 13:49:00-04:00,3.901,3.905,3.895,3.905,75146.0,3.826
2021-06-30 13:50:00-04:00,3.905,3.91,3.9,3.9,16639.0,3.827
2021-06-30 13:51:00-04:00,3.9,3.905,3.9,3.905,1032.0,3.827
2021-06-30 13:52:00-04:00,3.905,3.905,3.9,3.9,13150.0,3.827
2021-06-30 13:53:00-04:00,3.91,3.91,3.9,3.9,14043.0,3.827
2021-06-30 13:54:00-04:00,3.9,3.908,3.9,3.907,16895.0,3.827
2021-06-30 13:55:00-04:00,3.9,3.91,3.9,3.905,9317.0,3.827
2021-06-30 13:56:00-04:00,3.91,3.91,3.9,3.909,11454.0,3.827
2021-06-30 13:57:00-04:00,3.905,3.91,3.9,3.901,11748.0,3.828
2021-06-30 13:58:00-04:00,3.902,3.907,3.9,3.9,17788.0,3.828
2021-06-30 13:59:00-04:00,3.9,3.91,3.9,3.905,8449.0,3.828
2021-06-30 14:00:00-04:00,3.905,3.905,3.9,3.905,1964.0,3.828
2021-06-30 14:01:00-04:00,3.905,3.908,3.9,3.908,9436.0,3.828
2021-06-30 14:02:00-04:00,3.91,3.91,3.9,3.905,6078.0,3.828
2021-06-30 14:03:00-04:00,3.905,3.908,3.9,3.9,3248.0,3.828
2021-06-30 14:04:00-04:00,3.908,3.92,3.9,3.915,49506.0,3.828
2021-06-30 14:05:00-04:00,3.91,3.92,3.91,3.915,10801.0,3.828
2021-06-30 14:06:00-04:00,3.91,3.91,3.9,3.91,31691.0,3.828
2021-06-30 14:07:00-04:00,3.915,3.915,3.91,3.912,5346.0,3.829
2021-06-30 14:08:00-04:00,3.91,3.915,3.9,3.9,12081.0,3.829
2021-06-30 14:09:00-04:00,3.9,3.91,3.9,3.9,11705.0,3.829
2021-06-30 14:10:00-04:00,3.9,3.9,3.89,3.895,58446.0,3.829
2021-06-30 14:12:00-04:00,3.895,3.9,3.895,3.9,14589.0,3.829
2021-06-30 14:13:00-04:00,3.893,3.9,3.89,3.899,4629.0,3.829
2021-06-30 14:14:00-04:00,3.897,3.9,3.89,3.895,20525.0,3.829
2021-06-30 14:15:00-04:00,3.89,3.897,3.89,3.89,8234.0,3.829
2021-06-30 14:16:00-04:00,3.88,3.9,3.88,3.894,25446.0,3.829
2021-06-30 14:17:00-04:00,3.892,3.895,3.89,3.892,4566.0,3.83
2021-06-30 14:18:00-04:00,3.895,3.899,3.89,3.897,9543.0,3.83
2021-06-30 14:19:00-04:00,3.89,3.9,3.89,3.895,6544.0,3.83
2021-06-30 14:20:00-04:00,3.89,3.895,3.89,3.895,1536.0,3.83
2021-06-30 14:21:00-04:00,3.895,3.898,3.89,3.89,12800.0,3.83
2021-06-30 14:22:00-04:00,3.89,3.897,3.89,3.895,27461.0,3.83
2021-06-30 14:23:00-04:00,3.895,3.895,3.88,3.88,24487.0,3.83
2021-06-30 14:24:00-04:00,3.885,3.885,3.88,3.88,9044.0,3.83
2021-06-30 14:25:00-04:00,3.88,3.88,3.85,3.86,243501.0,3.831
2021-06-30 14:26:00-04:00,3.861,3.87,3.855,3.868,49885.0,3.831
2021-06-30 14:27:00-04:00,3.865,3.87,3.86,3.87,6592.0,3.831
2021-06-30 14:28:00-04:00,3.87,3.88,3.87,3.877,13523.0,3.831
2021-06-30 14:29:00-04:00,3.874,3.874,3.861,3.861,32066.0,3.831
2021-06-30 14:30:00-04:00,3.868,3.87,3.865,3.869,2376.0,3.831
2021-06-30 14:31:00-04:00,3.869,3.87,3.861,3.865,14327.0,3.831
2021-06-30 14:32:00-04:00,3.86,3.865,3.85,3.85,18124.0,3.831
2021-06-30 14:33:00-04:00,3.86,3.86,3.85,3.86,26805.0,3.831
2021-06-30 14:34:00-04:00,3.856,3.86,3.856,3.86,1916.0,3.831
2021-06-30 14:35:00-04:00,3.85,3.86,3.85,3.86,13599.0,3.831
2021-06-30 14:36:00-04:00,3.86,3.875,3.86,3.872,27128.0,3.831
2021-06-30 14:37:00-04:00,3.875,3.88,3.87,3.879,18459.0,3.831
2021-06-30 14:38:00-04:00,3.88,3.88,3.875,3.875,8849.0,3.831
2021-06-30 14:39:00-04:00,3.872,3.88,3.872,3.873,2091.0,3.831
2021-06-30 14:40:00-04:00,3.87,3.875,3.87,3.875,7957.0,3.831
2021-06-30 14:41:00-04:00,3.875,3.875,3.87,3.875,3736.0,3.831
2021-06-30 14:42:00-04:00,3.875,3.875,3.87,3.872,2623.0,3.831
2021-06-30 14:43:00-04:00,3.875,3.878,3.873,3.873,5169.0,3.831
2021-06-30 14:44:00-04:00,3.87,3.88,3.87,3.88,19889.0,3.831
2021-06-30 14:45:00-04:00,3.88,3.88,3.88,3.88,2798.0,3.831
2021-06-30 14:46:00-04:00,3.875,3.88,3.87,3.87,8308.0,3.831
2021-06-30 14:47:00-04:00,3.875,3.886,3.875,3.88,26693.0,3.832
2021-06-30 14:48:00-04:00,3.875,3.876,3.871,3.876,5635.0,3.832
2021-06-30 14:49:00-04:00,3.87,3.88,3.87,3.873,6123.0,3.832
2021-06-30 14:50:00-04:00,3.875,3.88,3.875,3.88,7378.0,3.832
2021-06-30 14:51:00-04:00,3.875,3.875,3.875,3.875,1946.0,3.832
2021-06-30 14:52:00-04:00,3.88,3.88,3.87,3.87,9427.0,3.832
2021-06-30 14:53:00-04:00,3.876,3.876,3.872,3.876,7392.0,3.832
2021-06-30 14:54:00-04:00,3.87,3.89,3.87,3.885,22927.0,3.832
2021-06-30 14:55:00-04:00,3.881,3.89,3.881,3.89,8062.0,3.832
2021-06-30 14:56:00-04:00,3.885,3.89,3.885,3.885,5868.0,3.832
2021-06-30 14:57:00-04:00,3.89,3.895,3.885,3.89,15311.0,3.832
2021-06-30 14:58:00-04:00,3.898,3.905,3.895,3.905,42369.0,3.832
2021-06-30 14:59:00-04:00,3.905,3.91,3.9,3.9,23041.0,3.832
2021-06-30 15:00:00-04:00,3.905,3.905,3.89,3.895,48067.0,3.832
2021-06-30 15:01:00-04:00,3.89,3.9,3.89,3.89,6649.0,3.832
2021-06-30 15:02:00-04:00,3.89,3.895,3.89,3.89,11837.0,3.833
2021-06-30 15:03:00-04:00,3.89,3.895,3.89,3.89,3459.0,3.833
2021-06-30 15:04:00-04:00,3.894,3.9,3.89,3.89,2816.0,3.833
2021-06-30 15:05:00-04:00,3.89,3.9,3.885,3.89,31979.0,3.833
2021-06-30 15:06:00-04:00,3.895,3.895,3.895,3.895,2601.0,3.833
2021-06-30 15:07:00-04:00,3.895,3.895,3.89,3.894,17946.0,3.833
2021-06-30 15:08:00-04:00,3.89,3.89,3.88,3.885,15136.0,3.833
2021-06-30 15:09:00-04:00,3.889,3.895,3.889,3.895,20793.0,3.833
2021-06-30 15:10:00-04:00,3.89,3.895,3.89,3.89,11248.0,3.833
2021-06-30 15:11:00-04:00,3.893,3.897,3.89,3.895,8746.0,3.833
2021-06-30 15:12:00-04:00,3.89,3.894,3.88,3.885,34252.0,3.833
2021-06-30 15:13:00-04:00,3.89,3.89,3.88,3.886,21316.0,3.833
2021-06-30 15:14:00-04:00,3.888,3.888,3.88,3.88,20005.0,3.834
2021-06-30 15:15:00-04:00,3.885,3.885,3.87,3.87,19553.0,3.834
2021-06-30 15:16:00-04:00,3.88,3.89,3.88,3.885,19433.0,3.834
2021-06-30 15:17:00-04:00,3.88,3.885,3.88,3.88,10110.0,3.834
2021-06-30 15:18:00-04:00,3.88,3.885,3.88,3.883,16917.0,3.834
2021-06-30 15:19:00-04:00,3.89,3.89,3.86,3.874,60633.0,3.834
2021-06-30 15:20:00-04:00,3.874,3.875,3.87,3.875,11197.0,3.834
2021-06-30 15:21:00-04:00,3.87,3.88,3.87,3.876,11798.0,3.834
2021-06-30 15:22:00-04:00,3.87,3.875,3.86,3.86,91798.0,3.834
2021-06-30 15:23:00-04:00,3.86,3.865,3.86,3.865,1973.0,3.834
2021-06-30 15:24:00-04:00,3.865,3.87,3.86,3.86,11114.0,3.834
2021-06-30 15:25:00-04:00,3.861,3.865,3.86,3.865,16830.0,3.834
2021-06-30 15:26:00-04:00,3.86,3.87,3.85,3.858,33911.0,3.834
2021-06-30 15:27:00-04:00,3.85,3.86,3.84,3.85,71478.0,3.834
2021-06-30 15:28:00-04:00,3.85,3.86,3.85,3.855,18046.0,3.834
2021-06-30 15:29:00-04:00,3.856,3.856,3.852,3.852,3787.0,3.835
2021-06-30 15:30:00-04:00,3.855,3.855,3.85,3.853,8611.0,3.835
2021-06-30 15:31:00-04:00,3.855,3.855,3.84,3.85,60857.0,3.835
2021-06-30 15:32:00-04:00,3.857,3.857,3.85,3.851,11459.0,3.835
2021-06-30 15:33:00-04:00,3.85,3.858,3.85,3.855,4371.0,3.835
2021-06-30 15:34:00-04:00,3.852,3.856,3.85,3.852,24031.0,3.835
2021-06-30 15:35:00-04:00,3.86,3.86,3.85,3.855,21367.0,3.835
2021-06-30 15:36:00-04:00,3.85,3.86,3.85,3.86,13538.0,3.835
2021-06-30 15:37:00-04:00,3.855,3.855,3.82,3.825,245699.0,3.835
2021-06-30 15:38:00-04:00,3.83,3.83,3.822,3.822,11893.0,3.835
2021-06-30 15:39:00-04:00,3.82,3.837,3.82,3.837,13734.0,3.835
2021-06-30 15:40:00-04:00,3.83,3.84,3.83,3.835,13578.0,3.835
2021-06-30 15:41:00-04:00,3.835,3.85,3.835,3.845,41260.0,3.835
2021-06-30 15:42:00-04:00,3.845,3.85,3.84,3.85,72292.0,3.835
2021-06-30 15:43:00-04:00,3.843,3.845,3.83,3.84,34711.0,3.835
2021-06-30 15:44:00-04:00,3.837,3.84,3.83,3.835,49371.0,3.835
2021-06-30 15:45:00-04:00,3.835,3.84,3.83,3.835,44645.0,3.835
2021-06-30 15:46:00-04:00,3.84,3.84,3.83,3.831,16169.0,3.835
2021-06-30 15:47:00-04:00,3.83,3.84,3.83,3.839,97817.0,3.835
2021-06-30 15:48:00-04:00,3.835,3.85,3.83,3.845,35262.0,3.835
2021-06-30 15:49:00-04:00,3.843,3.85,3.83,3.835,31154.0,3.835
2021-06-30 15:50:00-04:00,3.835,3.84,3.83,3.836,25982.0,3.835
2021-06-30 15:51:00-04:00,3.83,3.84,3.83,3.83,31992.0,3.835
2021-06-30 15:52:00-04:00,3.832,3.84,3.83,3.831,40211.0,3.835
2021-06-30 15:53:00-04:00,3.839,3.84,3.83,3.835,27438.0,3.835
2021-06-30 15:54:00-04:00,3.84,3.84,3.83,3.84,48479.0,3.835
2021-06-30 15:55:00-04:00,3.837,3.85,3.837,3.845,63205.0,3.835
2021-06-30 15:56:00-04:00,3.845,3.85,3.84,3.845,58822.0,3.835
2021-06-30 15:57:00-04:00,3.845,3.85,3.84,3.845,36850.0,3.835
2021-06-30 15:58:00-04:00,3.85,3.85,3.84,3.84,24591.0,3.835
2021-06-30 15:59:00-04:00,3.84,3.85,3.84,3.85,36560.0,3.835
2021-06-30 16:00:00-04:00,3.84,3.85,3.83,3.84,291171.0,3.835
2021-07-01 09:31:00-04:00,3.76,3.796,3.75,3.79,445572.0,3.761
2021-07-01 09:32:00-04:00,3.79,3.8,3.77,3.77,103332.0,3.778
2021-07-01 09:33:00-04:00,3.775,3.785,3.77,3.78,42183.0,3.779
2021-07-01 09:34:00-04:00,3.78,3.82,3.779,3.82,81946.0,3.788
2021-07-01 09:35:00-04:00,3.82,3.84,3.8,3.805,116832.0,3.797
2021-07-01 09:36:00-04:00,3.806,3.806,3.78,3.785,46726.0,3.797
2021-07-01 09:37:00-04:00,3.785,3.81,3.783,3.8,70040.0,3.797
2021-07-01 09:38:00-04:00,3.8,3.81,3.794,3.81,35650.0,3.797
2021-07-01 09:39:00-04:00,3.8,3.8,3.79,3.79,47674.0,3.797
2021-07-01 09:40:00-04:00,3.786,3.786,3.76,3.775,160235.0,3.792
2021-07-01 09:41:00-04:00,3.775,3.798,3.775,3.795,27533.0,3.792
2021-07-01 09:42:00-04:00,3.8,3.8,3.77,3.77,71839.0,3.791
2021-07-01 09:43:00-04:00,3.78,3.79,3.771,3.78,24286.0,3.79
2021-07-01 09:44:00-04:00,3.78,3.79,3.78,3.785,83259.0,3.789
2021-07-01 09:45:00-04:00,3.788,3.788,3.77,3.779,28791.0,3.789
2021-07-01 09:46:00-04:00,3.775,3.78,3.75,3.75,80632.0,3.787
2021-07-01 09:47:00-04:00,3.75,3.76,3.73,3.732,193303.0,3.784
2021-07-01 09:48:00-04:00,3.73,3.75,3.73,3.74,114657.0,3.78
2021-07-01 09:49:00-04:00,3.75,3.75,3.72,3.722,146961.0,3.777
2021-07-01 09:50:00-04:00,3.725,3.74,3.72,3.725,76104.0,3.775
2021-07-01 09:51:00-04:00,3.725,3.73,3.72,3.726,59271.0,3.773
2021-07-01 09:52:00-04:00,3.728,3.73,3.7,3.705,251471.0,3.766
2021-07-01 09:53:00-04:00,3.709,3.71,3.7,3.7,62684.0,3.764
2021-07-01 09:54:00-04:00,3.7,3.71,3.68,3.68,215467.0,3.759
2021-07-01 09:55:00-04:00,3.68,3.7,3.68,3.695,152364.0,3.754
2021-07-01 09:56:00-04:00,3.695,3.7,3.65,3.652,390488.0,3.748
2021-07-01 09:57:00-04:00,3.66,3.66,3.65,3.655,163779.0,3.743
2021-07-01 09:58:00-04:00,3.657,3.67,3.65,3.67,118020.0,3.739
2021-07-01 09:59:00-04:00,3.66,3.68,3.66,3.68,81327.0,3.737
2021-07-01 10:00:00-04:00,3.675,3.68,3.66,3.675,85239.0,3.736
2021-07-01 10:01:00-04:00,3.67,3.68,3.67,3.679,52942.0,3.735
2021-07-01 10:02:00-04:00,3.679,3.69,3.675,3.688,58706.0,3.734
2021-07-01 10:03:00-04:00,3.685,3.69,3.68,3.69,37353.0,3.733
2021-07-01 10:04:00-04:00,3.69,3.694,3.66,3.667,126494.0,3.732
2021-07-01 10:05:00-04:00,3.67,3.67,3.66,3.663,48576.0,3.731
2021-07-01 10:06:00-04:00,3.668,3.67,3.66,3.668,52358.0,3.73
2021-07-01 10:07:00-04:00,3.67,3.67,3.66,3.67,45255.0,3.728
2021-07-01 10:08:00-04:00,3.666,3.68,3.66,3.677,55352.0,3.727
2021-07-01 10:09:00-04:00,3.672,3.69,3.672,3.69,94616.0,3.726
2021-07-01 10:10:00-04:00,3.69,3.727,3.69,3.721,168745.0,3.725
2021-07-01 10:11:00-04:00,3.72,3.73,3.697,3.71,79650.0,3.725
2021-07-01 10:12:00-04:00,3.71,3.72,3.7,3.707,81556.0,3.725
2021-07-01 10:13:00-04:00,3.7,3.717,3.7,3.717,84342.0,3.724
2021-07-01 10:14:00-04:00,3.72,3.73,3.71,3.73,81962.0,3.724
2021-07-01 10:15:00-04:00,3.725,3.73,3.72,3.72,58066.0,3.724
2021-07-01 10:16:00-04:00,3.72,3.73,3.716,3.725,50253.0,3.724
2021-07-01 10:17:00-04:00,3.725,3.728,3.69,3.698,83669.0,3.724
2021-07-01 10:18:00-04:00,3.7,3.7,3.685,3.69,44238.0,3.724
2021-07-01 10:19:00-04:00,3.68,3.68,3.67,3.675,75498.0,3.723
2021-07-01 10:20:00-04:00,3.675,3.69,3.673,3.686,26031.0,3.723
2021-07-01 10:21:00-04:00,3.682,3.69,3.68,3.69,11300.0,3.722
2021-07-01 10:22:00-04:00,3.685,3.7,3.684,3.695,58597.0,3.722
2021-07-01 10:23:00-04:00,3.69,3.7,3.69,3.696,28580.0,3.722
2021-07-01 10:24:00-04:00,3.699,3.71,3.694,3.697,62747.0,3.721
2021-07-01 10:25:00-04:00,3.695,3.697,3.695,3.697,7143.0,3.721
2021-07-01 10:26:00-04:00,3.69,3.7,3.69,3.695,11721.0,3.721
2021-07-01 10:27:00-04:00,3.692,3.695,3.66,3.675,117648.0,3.721
2021-07-01 10:28:00-04:00,3.665,3.669,3.66,3.665,32353.0,3.72
2021-07-01 10:29:00-04:00,3.662,3.68,3.66,3.677,70634.0,3.719
2021-07-01 10:30:00-04:00,3.68,3.686,3.67,3.686,33289.0,3.719
2021-07-01 10:31:00-04:00,3.688,3.69,3.677,3.677,28543.0,3.719
2021-07-01 10:32:00-04:00,3.675,3.68,3.67,3.672,10710.0,3.719
2021-07-01 10:33:00-04:00,3.67,3.68,3.66,3.669,78416.0,3.717
2021-07-01 10:34:00-04:00,3.667,3.676,3.66,3.676,50313.0,3.717
2021-07-01 10:35:00-04:00,3.675,3.68,3.67,3.68,22193.0,3.717
2021-07-01 10:36:00-04:00,3.67,3.685,3.67,3.682,26860.0,3.716
2021-07-01 10:37:00-04:00,3.685,3.69,3.68,3.689,27406.0,3.716
2021-07-01 10:38:00-04:00,3.685,3.69,3.68,3.682,18695.0,3.716
2021-07-01 10:39:00-04:00,3.68,3.69,3.675,3.675,98146.0,3.716
2021-07-01 10:40:00-04:00,3.675,3.676,3.66,3.67,56899.0,3.715
2021-07-01 10:41:00-04:00,3.665,3.67,3.66,3.66,30420.0,3.714
2021-07-01 10:42:00-04:00,3.66,3.67,3.66,3.67,91696.0,3.713
2021-07-01 10:43:00-04:00,3.66,3.67,3.66,3.665,11843.0,3.713
2021-07-01 10:44:00-04:00,3.668,3.67,3.66,3.665,123957.0,3.712
2021-07-01 10:45:00-04:00,3.665,3.67,3.66,3.66,37072.0,3.711
2021-07-01 10:46:00-04:00,3.66,3.67,3.66,3.67,32277.0,3.711
2021-07-01 10:47:00-04:00,3.662,3.667,3.66,3.665,12241.0,3.711
2021-07-01 10:48:00-04:00,3.663,3.67,3.66,3.66,13419.0,3.711
2021-07-01 10:49:00-04:00,3.665,3.67,3.66,3.665,19306.0,3.711
2021-07-01 10:50:00-04:00,3.67,3.67,3.65,3.66,76868.0,3.71
2021-07-01 10:51:00-04:00,3.66,3.66,3.63,3.639,326419.0,3.706
2021-07-01 10:52:00-04:00,3.635,3.65,3.635,3.64,102073.0,3.705
2021-07-01 10:53:00-04:00,3.65,3.66,3.64,3.643,79750.0,3.704
2021-07-01 10:54:00-04:00,3.645,3.65,3.63,3.65,71075.0,3.704
2021-07-01 10:55:00-04:00,3.645,3.66,3.64,3.655,43070.0,3.703
2021-07-01 10:56:00-04:00,3.66,3.66,3.65,3.652,34256.0,3.703
2021-07-01 10:57:00-04:00,3.655,3.658,3.645,3.645,27114.0,3.703
2021-07-01 10:58:00-04:00,3.65,3.65,3.64,3.64,44442.0,3.702
2021-07-01 10:59:00-04:00,3.64,3.66,3.64,3.655,117078.0,3.701
2021-07-01 11:00:00-04:00,3.655,3.67,3.65,3.656,116676.0,3.701
2021-07-01 11:01:00-04:00,3.657,3.665,3.655,3.665,28814.0,3.701
2021-07-01 11:02:00-04:00,3.665,3.68,3.664,3.678,44432.0,3.7
2021-07-01 11:03:00-04:00,3.68,3.68,3.67,3.678,18948.0,3.7
2021-07-01 11:04:00-04:00,3.68,3.68,3.66,3.68,126797.0,3.7
2021-07-01 11:05:00-04:00,3.69,3.69,3.68,3.683,28661.0,3.7
2021-07-01 11:06:00-04:00,3.68,3.68,3.67,3.675,41060.0,3.7
2021-07-01 11:07:00-04:00,3.678,3.68,3.67,3.68,10434.0,3.7
2021-07-01 11:08:00-04:00,3.676,3.678,3.66,3.663,44241.0,3.699
2021-07-01 11:09:00-04:00,3.66,3.67,3.66,3.67,50280.0,3.699
2021-07-01 11:10:00-04:00,3.665,3.67,3.66,3.66,14433.0,3.699
2021-07-01 11:11:00-04:00,3.665,3.67,3.66,3.665,21274.0,3.699
2021-07-01 11:12:00-04:00,3.665,3.67,3.65,3.655,62381.0,3.699
2021-07-01 11:13:00-04:00,3.65,3.65,3.63,3.63,120740.0,3.698
2021-07-01 11:14:00-04:00,3.64,3.65,3.64,3.64,30729.0,3.698
2021-07-01 11:15:00-04:00,3.65,3.65,3.642,3.646,21836.0,3.698
2021-07-01 11:16:00-04:00,3.64,3.65,3.64,3.645,34924.0,3.697
2021-07-01 11:17:00-04:00,3.65,3.65,3.64,3.645,31972.0,3.697
2021-07-01 11:18:00-04:00,3.645,3.65,3.64,3.64,52258.0,3.697
2021-07-01 11:19:00-04:00,3.64,3.65,3.63,3.64,79306.0,3.697
2021-07-01 11:20:00-04:00,3.63,3.64,3.63,3.635,20332.0,3.696
2021-07-01 11:21:00-04:00,3.635,3.64,3.61,3.612,143446.0,3.695
2021-07-01 11:22:00-04:00,3.615,3.62,3.58,3.607,385306.0,3.692
2021-07-01 11:23:00-04:00,3.6,3.61,3.59,3.605,97904.0,3.691
2021-07-01 11:24:00-04:00,3.61,3.61,3.6,3.6,57079.0,3.69
2021-07-01 11:25:00-04:00,3.603,3.607,3.58,3.595,152272.0,3.688
2021-07-01 11:26:00-04:00,3.591,3.6,3.58,3.59,63143.0,3.687
2021-07-01 11:27:00-04:00,3.598,3.61,3.59,3.61,41732.0,3.687
2021-07-01 11:28:00-04:00,3.605,3.62,3.605,3.62,63599.0,3.686
2021-07-01 11:29:00-04:00,3.62,3.62,3.61,3.616,19887.0,3.686
2021-07-01 11:30:00-04:00,3.61,3.625,3.6,3.625,116153.0,3.685
2021-07-01 11:31:00-04:00,3.63,3.64,3.62,3.626,73397.0,3.685
2021-07-01 11:32:00-04:00,3.629,3.63,3.625,3.628,13645.0,3.684
2021-07-01 11:33:00-04:00,3.62,3.63,3.62,3.625,24401.0,3.684
2021-07-01 11:34:00-04:00,3.63,3.64,3.63,3.634,23306.0,3.684
2021-07-01 11:35:00-04:00,3.63,3.64,3.626,3.64,51762.0,3.684
2021-07-01 11:36:00-04:00,3.635,3.64,3.62,3.63,61156.0,3.683
2021-07-01 11:37:00-04:00,3.626,3.63,3.615,3.615,42048.0,3.683
2021-07-01 11:38:00-04:00,3.62,3.63,3.62,3.63,25687.0,3.683
2021-07-01 11:39:00-04:00,3.625,3.63,3.62,3.623,35906.0,3.683
2021-07-01 11:40:00-04:00,3.62,3.64,3.62,3.635,76182.0,3.682
2021-07-01 11:41:00-04:00,3.63,3.64,3.63,3.64,7511.0,3.682
2021-07-01 11:42:00-04:00,3.635,3.64,3.63,3.633,39927.0,3.682
2021-07-01 11:43:00-04:00,3.638,3.638,3.63,3.638,11688.0,3.682
2021-07-01 11:44:00-04:00,3.635,3.638,3.63,3.634,28331.0,3.682
2021-07-01 11:45:00-04:00,3.635,3.639,3.63,3.635,5068.0,3.682
2021-07-01 11:46:00-04:00,3.635,3.635,3.61,3.62,68864.0,3.681
2021-07-01 11:47:00-04:00,3.616,3.62,3.6,3.607,67209.0,3.681
2021-07-01 11:48:00-04:00,3.603,3.62,3.603,3.615,61873.0,3.68
2021-07-01 11:49:00-04:00,3.615,3.62,3.611,3.611,10249.0,3.68
2021-07-01 11:50:00-04:00,3.619,3.62,3.612,3.615,8366.0,3.68
2021-07-01 11:51:00-04:00,3.62,3.63,3.62,3.63,8765.0,3.68
2021-07-01 11:52:00-04:00,3.628,3.63,3.622,3.626,7126.0,3.68
2021-07-01 11:53:00-04:00,3.62,3.625,3.62,3.625,8324.0,3.68
2021-07-01 11:54:00-04:00,3.622,3.635,3.622,3.635,42089.0,3.68
2021-07-01 11:55:00-04:00,3.64,3.64,3.631,3.637,14348.0,3.68
2021-07-01 11:56:00-04:00,3.64,3.64,3.63,3.63,19338.0,3.679
2021-07-01 11:57:00-04:00,3.635,3.638,3.62,3.622,40365.0,3.679
2021-07-01 11:58:00-04:00,3.62,3.63,3.62,3.626,2217.0,3.679
2021-07-01 11:59:00-04:00,3.625,3.626,3.617,3.617,33910.0,3.679
2021-07-01 12:00:00-04:00,3.615,3.62,3.61,3.615,32791.0,3.679
2021-07-01 12:01:00-04:00,3.617,3.62,3.61,3.61,7615.0,3.679
2021-07-01 12:02:00-04:00,3.61,3.615,3.61,3.61,18054.0,3.679
2021-07-01 12:03:00-04:00,3.617,3.62,3.61,3.61,24713.0,3.679
2021-07-01 12:04:00-04:00,3.62,3.62,3.61,3.615,11767.0,3.679
2021-07-01 12:05:00-04:00,3.62,3.62,3.605,3.605,17195.0,3.678
2021-07-01 12:06:00-04:00,3.6,3.615,3.6,3.612,49590.0,3.678
2021-07-01 12:07:00-04:00,3.612,3.62,3.61,3.61,30852.0,3.678
2021-07-01 12:08:00-04:00,3.615,3.62,3.61,3.615,17571.0,3.678
2021-07-01 12:09:00-04:00,3.61,3.617,3.61,3.615,12071.0,3.678
2021-07-01 12:10:00-04:00,3.61,3.61,3.61,3.61,14525.0,3.678
2021-07-01 12:11:00-04:00,3.615,3.619,3.615,3.617,21092.0,3.677
2021-07-01 12:12:00-04:00,3.611,3.62,3.61,3.615,7082.0,3.677
2021-07-01 12:13:00-04:00,3.611,3.615,3.611,3.615,2603.0,3.677
2021-07-01 12:14:00-04:00,3.61,3.615,3.6,3.605,50091.0,3.677
2021-07-01 12:15:00-04:00,3.605,3.61,3.6,3.609,24815.0,3.677
2021-07-01 12:16:00-04:00,3.605,3.606,3.6,3.6,20846.0,3.677
2021-07-01 12:17:00-04:00,3.605,3.61,3.59,3.6,109872.0,3.676
2021-07-01 12:18:00-04:00,3.59,3.6,3.58,3.585,66519.0,3.676
2021-07-01 12:19:00-04:00,3.59,3.595,3.59,3.59,43511.0,3.675
2021-07-01 12:20:00-04:00,3.6,3.6,3.585,3.585,27735.0,3.675
2021-07-01 12:21:00-04:00,3.59,3.59,3.58,3.58,53109.0,3.675
2021-07-01 12:22:00-04:00,3.585,3.588,3.56,3.575,214211.0,3.673
2021-07-01 12:23:00-04:00,3.575,3.575,3.56,3.563,82436.0,3.673
2021-07-01 12:24:00-04:00,3.57,3.59,3.562,3.59,55313.0,3.673
2021-07-01 12:25:00-04:00,3.583,3.59,3.57,3.575,86568.0,3.672
2021-07-01 12:26:00-04:00,3.575,3.58,3.57,3.575,40351.0,3.671
2021-07-01 12:27:00-04:00,3.58,3.6,3.579,3.59,74917.0,3.671
2021-07-01 12:28:00-04:00,3.59,3.6,3.59,3.595,37182.0,3.67
2021-07-01 12:29:00-04:00,3.6,3.61,3.595,3.605,96526.0,3.669
2021-07-01 12:30:00-04:00,3.605,3.61,3.595,3.602,54062.0,3.669
2021-07-01 12:31:00-04:00,3.607,3.61,3.592,3.61,72759.0,3.668
2021-07-01 12:32:00-04:00,3.605,3.61,3.6,3.61,4927.0,3.668
2021-07-01 12:33:00-04:00,3.61,3.61,3.603,3.605,7850.0,3.668
2021-07-01 12:34:00-04:00,3.605,3.61,3.605,3.608,19232.0,3.668
2021-07-01 12:35:00-04:00,3.61,3.61,3.6,3.607,39961.0,3.668
2021-07-01 12:36:00-04:00,3.6,3.61,3.6,3.605,33434.0,3.668
2021-07-01 12:37:00-04:00,3.61,3.61,3.6,3.61,5458.0,3.668
2021-07-01 12:38:00-04:00,3.6,3.61,3.6,3.6,27991.0,3.668
2021-07-01 12:39:00-04:00,3.605,3.605,3.58,3.585,66758.0,3.667
2021-07-01 12:40:00-04:00,3.58,3.59,3.57,3.572,34891.0,3.667
2021-07-01 12:41:00-04:00,3.575,3.58,3.572,3.577,62008.0,3.666
2021-07-01 12:42:00-04:00,3.575,3.58,3.57,3.58,28563.0,3.666
2021-07-01 12:43:00-04:00,3.575,3.58,3.57,3.575,27817.0,3.666
2021-07-01 12:44:00-04:00,3.57,3.58,3.57,3.57,14074.0,3.665
2021-07-01 12:45:00-04:00,3.573,3.573,3.56,3.568,37380.0,3.665
2021-07-01 12:46:00-04:00,3.562,3.57,3.56,3.564,33654.0,3.665
2021-07-01 12:47:00-04:00,3.568,3.57,3.56,3.565,22399.0,3.664
2021-07-01 12:48:00-04:00,3.566,3.57,3.56,3.56,35051.0,3.664
2021-07-01 12:49:00-04:00,3.565,3.57,3.563,3.57,39156.0,3.664
2021-07-01 12:50:00-04:00,3.568,3.58,3.56,3.576,38510.0,3.663
2021-07-01 12:51:00-04:00,3.57,3.58,3.56,3.57,67436.0,3.663
2021-07-01 12:52:00-04:00,3.57,3.57,3.56,3.565,12885.0,3.662
2021-07-01 12:53:00-04:00,3.565,3.57,3.55,3.555,117017.0,3.662
2021-07-01 12:54:00-04:00,3.56,3.56,3.55,3.555,24182.0,3.661
2021-07-01 12:55:00-04:00,3.55,3.55,3.54,3.54,240563.0,3.66
2021-07-01 12:56:00-04:00,3.545,3.55,3.54,3.541,75911.0,3.659
2021-07-01 12:57:00-04:00,3.54,3.54,3.51,3.525,296202.0,3.656
2021-07-01 12:58:00-04:00,3.53,3.53,3.515,3.52,104304.0,3.655
2021-07-01 12:59:00-04:00,3.52,3.52,3.51,3.511,91269.0,3.654
2021-07-01 13:00:00-04:00,3.518,3.54,3.513,3.535,153202.0,3.652
2021-07-01 13:01:00-04:00,3.533,3.54,3.53,3.536,156409.0,3.649
2021-07-01 13:02:00-04:00,3.536,3.54,3.535,3.54,16772.0,3.649
2021-07-01 13:03:00-04:00,3.54,3.54,3.53,3.538,16024.0,3.649
2021-07-01 13:04:00-04:00,3.54,3.55,3.535,3.55,71732.0,3.648
2021-07-01 13:05:00-04:00,3.546,3.55,3.54,3.54,30734.0,3.648
2021-07-01 13:06:00-04:00,3.54,3.545,3.53,3.53,71229.0,3.647
2021-07-01 13:07:00-04:00,3.538,3.54,3.533,3.54,15647.0,3.647
2021-07-01 13:08:00-04:00,3.535,3.54,3.53,3.535,18436.0,3.647
2021-07-01 13:09:00-04:00,3.54,3.54,3.53,3.532,19717.0,3.647
2021-07-01 13:10:00-04:00,3.53,3.55,3.53,3.55,30515.0,3.647
2021-07-01 13:11:00-04:00,3.542,3.548,3.535,3.54,56639.0,3.646
2021-07-01 13:12:00-04:00,3.535,3.54,3.53,3.54,16818.0,3.646
2021-07-01 13:13:00-04:00,3.535,3.54,3.533,3.54,13764.0,3.646
2021-07-01 13:14:00-04:00,3.535,3.536,3.52,3.53,54176.0,3.645
2021-07-01 13:15:00-04:00,3.524,3.53,3.52,3.522,53224.0,3.645
2021-07-01 13:16:00-04:00,3.53,3.53,3.52,3.525,53465.0,3.644
2021-07-01 13:17:00-04:00,3.53,3.53,3.52,3.521,31241.0,3.644
2021-07-01 13:18:00-04:00,3.53,3.53,3.51,3.51,99549.0,3.643
2021-07-01 13:19:00-04:00,3.51,3.515,3.48,3.495,559562.0,3.639
2021-07-01 13:20:00-04:00,3.495,3.5,3.49,3.5,84173.0,3.638
2021-07-01 13:21:00-04:00,3.495,3.51,3.49,3.51,100781.0,3.637
2021-07-01 13:22:00-04:00,3.512,3.52,3.51,3.515,53678.0,3.637
2021-07-01 13:23:00-04:00,3.515,3.52,3.51,3.519,66481.0,3.637
2021-07-01 13:24:00-04:00,3.515,3.52,3.51,3.517,59323.0,3.636
2021-07-01 13:25:00-04:00,3.51,3.52,3.51,3.52,28603.0,3.636
2021-07-01 13:26:00-04:00,3.52,3.52,3.51,3.51,10493.0,3.635
2021-07-01 13:27:00-04:00,3.517,3.52,3.51,3.515,35053.0,3.635
2021-07-01 13:28:00-04:00,3.51,3.52,3.51,3.518,21469.0,3.635
2021-07-01 13:29:00-04:00,3.515,3.52,3.51,3.516,29245.0,3.635
2021-07-01 13:30:00-04:00,3.515,3.515,3.5,3.507,71041.0,3.634
2021-07-01 13:31:00-04:00,3.505,3.51,3.5,3.502,54393.0,3.634
2021-07-01 13:32:00-04:00,3.507,3.52,3.5,3.515,44844.0,3.634
2021-07-01 13:33:00-04:00,3.515,3.52,3.511,3.517,8230.0,3.634
2021-07-01 13:34:00-04:00,3.52,3.526,3.515,3.52,55516.0,3.634
2021-07-01 13:35:00-04:00,3.525,3.545,3.522,3.54,116051.0,3.633
2021-07-01 13:36:00-04:00,3.535,3.54,3.53,3.535,67268.0,3.632
2021-07-01 13:37:00-04:00,3.535,3.54,3.53,3.54,66357.0,3.632
2021-07-01 13:38:00-04:00,3.545,3.545,3.525,3.53,99506.0,3.631
2021-07-01 13:39:00-04:00,3.525,3.53,3.52,3.525,17987.0,3.631
2021-07-01 13:40:00-04:00,3.527,3.53,3.513,3.515,80352.0,3.631
2021-07-01 13:41:00-04:00,3.515,3.52,3.51,3.515,59384.0,3.63
2021-07-01 13:42:00-04:00,3.515,3.52,3.51,3.51,9974.0,3.63
2021-07-01 13:43:00-04:00,3.515,3.54,3.515,3.535,68504.0,3.63
2021-07-01 13:44:00-04:00,3.54,3.54,3.53,3.54,20241.0,3.63
2021-07-01 13:45:00-04:00,3.538,3.54,3.53,3.538,19152.0,3.63
2021-07-01 13:46:00-04:00,3.54,3.54,3.53,3.533,21568.0,3.629
2021-07-01 13:47:00-04:00,3.535,3.539,3.522,3.526,26487.0,3.629
2021-07-01 13:48:00-04:00,3.522,3.535,3.522,3.53,114513.0,3.628
2021-07-01 13:49:00-04:00,3.536,3.54,3.53,3.53,17683.0,3.628
2021-07-01 13:50:00-04:00,3.52,3.528,3.512,3.52,83179.0,3.627
2021-07-01 13:51:00-04:00,3.52,3.53,3.52,3.53,12230.0,3.627
2021-07-01 13:52:00-04:00,3.525,3.525,3.52,3.523,4915.0,3.627
2021-07-01 13:53:00-04:00,3.523,3.525,3.51,3.514,41585.0,3.627
2021-07-01 13:54:00-04:00,3.51,3.52,3.51,3.515,23042.0,3.626
2021-07-01 13:55:00-04:00,3.515,3.52,3.515,3.516,46486.0,3.626
2021-07-01 13:56:00-04:00,3.515,3.52,3.501,3.505,53357.0,3.626
2021-07-01 13:57:00-04:00,3.506,3.51,3.5,3.505,34368.0,3.626
2021-07-01 13:58:00-04:00,3.505,3.51,3.5,3.509,27697.0,3.625
2021-07-01 13:59:00-04:00,3.505,3.51,3.49,3.49,224248.0,3.624
2021-07-01 14:00:00-04:00,3.493,3.5,3.48,3.485,61079.0,3.624
2021-07-01 14:01:00-04:00,3.485,3.496,3.485,3.49,87005.0,3.623
2021-07-01 14:02:00-04:00,3.49,3.49,3.48,3.49,22392.0,3.623
2021-07-01 14:03:00-04:00,3.487,3.5,3.487,3.497,25816.0,3.623
2021-07-01 14:04:00-04:00,3.495,3.5,3.49,3.5,32982.0,3.622
2021-07-01 14:05:00-04:00,3.5,3.5,3.49,3.498,6473.0,3.622
2021-07-01 14:06:00-04:00,3.498,3.51,3.492,3.506,37025.0,3.622
2021-07-01 14:07:00-04:00,3.509,3.51,3.5,3.505,21952.0,3.622
2021-07-01 14:08:00-04:00,3.508,3.51,3.5,3.505,53833.0,3.622
2021-07-01 14:09:00-04:00,3.505,3.51,3.5,3.507,12296.0,3.622
2021-07-01 14:10:00-04:00,3.507,3.51,3.505,3.507,12440.0,3.621
2021-07-01 14:11:00-04:00,3.51,3.51,3.5,3.502,7197.0,3.621
2021-07-01 14:12:00-04:00,3.5,3.51,3.5,3.51,13041.0,3.621
2021-07-01 14:13:00-04:00,3.505,3.51,3.5,3.5,18879.0,3.621
2021-07-01 14:14:00-04:00,3.504,3.51,3.48,3.485,79629.0,3.62
2021-07-01 14:15:00-04:00,3.49,3.49,3.485,3.487,21303.0,3.62
2021-07-01 14:16:00-04:00,3.488,3.49,3.48,3.485,16741.0,3.62
2021-07-01 14:17:00-04:00,3.486,3.49,3.48,3.487,30192.0,3.62
2021-07-01 14:18:00-04:00,3.49,3.49,3.482,3.482,13542.0,3.619
2021-07-01 14:19:00-04:00,3.49,3.5,3.49,3.495,39984.0,3.619
2021-07-01 14:20:00-04:00,3.496,3.498,3.49,3.494,14873.0,3.619
2021-07-01 14:21:00-04:00,3.495,3.495,3.482,3.485,55582.0,3.619
2021-07-01 14:22:00-04:00,3.485,3.495,3.482,3.482,62778.0,3.619
2021-07-01 14:23:00-04:00,3.48,3.49,3.48,3.49,9361.0,3.618
2021-07-01 14:24:00-04:00,3.49,3.49,3.48,3.49,67037.0,3.618
2021-07-01 14:25:00-04:00,3.489,3.5,3.489,3.5,18966.0,3.618
2021-07-01 14:26:00-04:00,3.497,3.5,3.492,3.495,16119.0,3.618
2021-07-01 14:27:00-04:00,3.5,3.51,3.493,3.502,63728.0,3.617
2021-07-01 14:28:00-04:00,3.505,3.51,3.5,3.51,39963.0,3.617
2021-07-01 14:29:00-04:00,3.505,3.508,3.505,3.508,14761.0,3.617
2021-07-01 14:30:00-04:00,3.51,3.51,3.5,3.51,86971.0,3.616
2021-07-01 14:31:00-04:00,3.51,3.515,3.5,3.515,32228.0,3.616
2021-07-01 14:32:00-04:00,3.515,3.525,3.51,3.51,48020.0,3.616
2021-07-01 14:33:00-04:00,3.52,3.53,3.517,3.526,43949.0,3.616
2021-07-01 14:34:00-04:00,3.53,3.54,3.525,3.535,35349.0,3.616
2021-07-01 14:35:00-04:00,3.535,3.54,3.53,3.535,31615.0,3.615
2021-07-01 14:36:00-04:00,3.54,3.54,3.525,3.53,72328.0,3.615
2021-07-01 14:37:00-04:00,3.53,3.53,3.525,3.53,30807.0,3.615
2021-07-01 14:38:00-04:00,3.53,3.53,3.525,3.53,32979.0,3.615
2021-07-01 14:39:00-04:00,3.529,3.53,3.51,3.515,99015.0,3.614
2021-07-01 14:40:00-04:00,3.518,3.53,3.515,3.53,58027.0,3.614
2021-07-01 14:41:00-04:00,3.53,3.53,3.522,3.522,6758.0,3.614
2021-07-01 14:42:00-04:00,3.525,3.53,3.523,3.527,5894.0,3.614
2021-07-01 14:43:00-04:00,3.529,3.53,3.522,3.53,10510.0,3.614
2021-07-01 14:44:00-04:00,3.522,3.53,3.522,3.525,3140.0,3.614
2021-07-01 14:45:00-04:00,3.525,3.53,3.525,3.526,16578.0,3.614
2021-07-01 14:46:00-04:00,3.53,3.53,3.525,3.527,8250.0,3.614
2021-07-01 14:47:00-04:00,3.525,3.53,3.512,3.512,61543.0,3.614
2021-07-01 14:48:00-04:00,3.515,3.52,3.51,3.51,15588.0,3.613
2021-07-01 14:49:00-04:00,3.51,3.52,3.51,3.515,7486.0,3.613
2021-07-01 14:50:00-04:00,3.515,3.52,3.511,3.513,7186.0,3.613
2021-07-01 14:51:00-04:00,3.52,3.53,3.515,3.527,79805.0,3.613
2021-07-01 14:52:00-04:00,3.53,3.53,3.52,3.53,20360.0,3.613
2021-07-01 14:53:00-04:00,3.53,3.53,3.525,3.525,6547.0,3.613
2021-07-01 14:54:00-04:00,3.525,3.53,3.52,3.524,31054.0,3.612
2021-07-01 14:55:00-04:00,3.522,3.53,3.52,3.522,2907.0,3.612
2021-07-01 14:56:00-04:00,3.525,3.528,3.52,3.525,9142.0,3.612
2021-07-01 14:57:00-04:00,3.527,3.53,3.515,3.515,53540.0,3.612
2021-07-01 14:58:00-04:00,3.515,3.52,3.51,3.515,43038.0,3.612
2021-07-01 14:59:00-04:00,3.51,3.53,3.51,3.53,30238.0,3.612
2021-07-01 15:00:00-04:00,3.527,3.53,3.525,3.525,4790.0,3.612
2021-07-01 15:01:00-04:00,3.527,3.53,3.525,3.527,11723.0,3.612
2021-07-01 15:02:00-04:00,3.526,3.53,3.52,3.528,88785.0,3.611
2021-07-01 15:03:00-04:00,3.54,3.55,3.54,3.55,20262.0,3.611
2021-07-01 15:04:00-04:00,3.543,3.56,3.543,3.555,141176.0,3.611
2021-07-01 15:05:00-04:00,3.555,3.56,3.55,3.555,33324.0,3.611
2021-07-01 15:06:00-04:00,3.56,3.56,3.55,3.558,25092.0,3.611
2021-07-01 15:07:00-04:00,3.56,3.56,3.555,3.558,13349.0,3.611
2021-07-01 15:08:00-04:00,3.56,3.59,3.56,3.59,202490.0,3.61
2021-07-01 15:09:00-04:00,3.59,3.6,3.58,3.594,85227.0,3.61
2021-07-01 15:10:00-04:00,3.594,3.6,3.582,3.582,95161.0,3.61
2021-07-01 15:11:00-04:00,3.588,3.59,3.58,3.583,22515.0,3.61
2021-07-01 15:12:00-04:00,3.585,3.59,3.58,3.585,25194.0,3.61
2021-07-01 15:13:00-04:00,3.585,3.59,3.58,3.59,26553.0,3.61
2021-07-01 15:14:00-04:00,3.59,3.59,3.58,3.585,30918.0,3.61
2021-07-01 15:15:00-04:00,3.584,3.585,3.58,3.581,10080.0,3.61
2021-07-01 15:16:00-04:00,3.581,3.59,3.56,3.566,69896.0,3.61
2021-07-01 15:17:00-04:00,3.56,3.56,3.55,3.555,54481.0,3.61
2021-07-01 15:18:00-04:00,3.55,3.56,3.55,3.555,38033.0,3.61
2021-07-01 15:19:00-04:00,3.558,3.558,3.54,3.54,65194.0,3.609
2021-07-01 15:20:00-04:00,3.542,3.57,3.54,3.564,158144.0,3.609
2021-07-01 15:21:00-04:00,3.57,3.57,3.563,3.565,9358.0,3.609
2021-07-01 15:22:00-04:00,3.568,3.57,3.56,3.57,39617.0,3.609
2021-07-01 15:23:00-04:00,3.565,3.57,3.56,3.57,12231.0,3.609
2021-07-01 15:24:00-04:00,3.568,3.58,3.56,3.575,61552.0,3.609
2021-07-01 15:25:00-04:00,3.577,3.578,3.57,3.572,9150.0,3.609
2021-07-01 15:26:00-04:00,3.575,3.585,3.575,3.585,37947.0,3.609
2021-07-01 15:27:00-04:00,3.59,3.59,3.582,3.59,125251.0,3.609
2021-07-01 15:28:00-04:00,3.59,3.59,3.585,3.588,17639.0,3.609
2021-07-01 15:29:00-04:00,3.59,3.59,3.57,3.575,135101.0,3.608
2021-07-01 15:30:00-04:00,3.575,3.575,3.56,3.57,59879.0,3.608
2021-07-01 15:31:00-04:00,3.565,3.575,3.565,3.575,98594.0,3.608
2021-07-01 15:32:00-04:00,3.58,3.58,3.57,3.57,6183.0,3.608
2021-07-01 15:33:00-04:00,3.57,3.58,3.57,3.575,70113.0,3.608
2021-07-01 15:34:00-04:00,3.575,3.579,3.57,3.575,81295.0,3.608
2021-07-01 15:35:00-04:00,3.57,3.58,3.57,3.57,7344.0,3.608
2021-07-01 15:36:00-04:00,3.574,3.575,3.56,3.56,55054.0,3.608
2021-07-01 15:37:00-04:00,3.563,3.57,3.555,3.555,71290.0,3.608
2021-07-01 15:38:00-04:00,3.55,3.56,3.55,3.558,13202.0,3.607
2021-07-01 15:39:00-04:00,3.55,3.56,3.55,3.55,39940.0,3.607
2021-07-01 15:40:00-04:00,3.555,3.56,3.54,3.548,56881.0,3.607
2021-07-01 15:41:00-04:00,3.54,3.55,3.53,3.535,72096.0,3.607
2021-07-01 15:42:00-04:00,3.532,3.54,3.53,3.535,26492.0,3.607
2021-07-01 15:43:00-04:00,3.53,3.54,3.53,3.535,19921.0,3.607
2021-07-01 15:44:00-04:00,3.54,3.54,3.53,3.54,119589.0,3.607
2021-07-01 15:45:00-04:00,3.54,3.545,3.532,3.535,67360.0,3.606
2021-07-01 15:46:00-04:00,3.535,3.54,3.53,3.535,31465.0,3.606
2021-07-01 15:47:00-04:00,3.537,3.54,3.533,3.538,27084.0,3.606
2021-07-01 15:48:00-04:00,3.53,3.54,3.53,3.53,14765.0,3.606
2021-07-01 15:49:00-04:00,3.535,3.538,3.51,3.51,208070.0,3.605
2021-07-01 15:50:00-04:00,3.513,3.515,3.5,3.507,117986.0,3.605
2021-07-01 15:51:00-04:00,3.51,3.52,3.505,3.515,54710.0,3.604
2021-07-01 15:52:00-04:00,3.52,3.52,3.51,3.513,50769.0,3.604
2021-07-01 15:53:00-04:00,3.52,3.52,3.51,3.52,42558.0,3.604
2021-07-01 15:54:00-04:00,3.52,3.52,3.51,3.515,64634.0,3.603
2021-07-01 15:55:00-04:00,3.51,3.52,3.51,3.515,38453.0,3.603
2021-07-01 15:56:00-04:00,3.52,3.53,3.515,3.53,59992.0,3.603
2021-07-01 15:57:00-04:00,3.522,3.53,3.522,3.53,61309.0,3.603
2021-07-01 15:58:00-04:00,3.53,3.53,3.52,3.53,72858.0,3.603
2021-07-01 15:59:00-04:00,3.53,3.54,3.52,3.538,125635.0,3.602
2021-07-01 16:00:00-04:00,3.54,3.54,3.5,3.5,649546.0,3.601
